site,month,category,cost_gbp
Leeds,Jan,Energy,4820.50
Leeds,Feb,Maintenance,1350.00
Leeds,Mar,Cleaning,920.75
Leeds,Apr,Security,1480.00
Leeds,May,Supplies,615.30
Leeds,Jun,Energy,3980.25
Leeds,Jul,Maintenance,2210.00
Leeds,Aug,Cleaning,945.00
Leeds,Sep,Energy,4105.80
Leeds,Oct,Security,1480.00
Leeds,Nov,Supplies,702.40
Leeds,Dec,Energy,5320.10
Bristol,Jan,Energy,3650.00
Bristol,Feb,Cleaning,810.50
Bristol,Mar,Maintenance,1875.25
Bristol,Apr,Supplies,540.00
Bristol,May,Security,1320.00
Bristol,Jun,Energy,3120.40
Bristol,Jul,Cleaning,835.00
Bristol,Aug,Maintenance,2640.90
Bristol,Sep,Supplies,498.75
Bristol,Oct,Energy,3480.60
Bristol,Nov,Security,1320.00
Bristol,Dec,Energy,4210.00
Glasgow,Jan,Energy,5105.20
Glasgow,Mar,Maintenance,1620.00
Glasgow,Apr,Cleaning,1005.60
Glasgow,Jun,Security,1650.00
Glasgow,Jul,Supplies,720.15
Glasgow,Aug,Energy,3890.00
Glasgow,Sep,Maintenance,1985.50
Glasgow,Oct,Cleaning,1010.00
Glasgow,Nov,Energy,4760.30
Glasgow,Dec,Security,1650.00
Cardiff,Feb,Energy,3340.00
Cardiff,Mar,Supplies,455.20
Cardiff,Apr,Maintenance,1190.00
Cardiff,May,Cleaning,760.00
Cardiff,Jul,Energy,2870.45
Cardiff,Sep,Security,1210.00
Cardiff,Oct,Maintenance,1435.75
Cardiff,Dec,Energy,3925.00
Norwich,Jan,Supplies,380.60
Norwich,Feb,Energy,2950.00
Norwich,Apr,Cleaning,690.00
Norwich,May,Maintenance,1080.40
Norwich,Jun,Security,1105.00
Norwich,Aug,Energy,2615.90
Norwich,Nov,Supplies,410.00
Norwich,Dec,Energy,3540.25
